<?xml version="1.0" encoding="UTF-8"?>
<Configuration status="WARN">
    <Appenders>
        <Console name="Console" target="SYSTEM_OUT">
            <ThresholdFilter level="warn" onMatch="ACCEPT" onMismatch="DENY"/>
            <PatternLayout pattern="%d{HH:mm:ss.SSS} [%t] %-5level %logger{36} - %msg%n"/>
        </Console>
        <File name="File" fileName="D:/logs/application.log">
            <PatternLayout pattern="%d{HH:mm:ss.SSS} [%t] %-5level %logger{36} - %msg%n"/>
        </File>
        <SMTP name="Mail" subject="Fatal Error Notification" to="anastasiia.kravets.765@gmail.com" from="nastya030915@gmail.com"
              smtpHost="smtp.gmail.com" smtpPort="465" smtpProtocol="smtps" smtpUsername="nastya030915@gmail.com" smtpPassword="ocsq mmev qrjc wcmf" bufferSize="2000">
            <ThresholdFilter level="FATAL" onMatch="ACCEPT" onMismatch="DENY"/>
            <PatternLayout pattern="%d{ISO8601} [%t] %-5level %logger{36} - %msg%n"/>
        </SMTP>
    </Appenders>
    <Loggers>
        <Root level="info">
            <AppenderRef ref="File"/>
            <AppenderRef ref="Mail"/>
        </Root>
    </Loggers>
</Configuration>